{"cameraMode":{"drawMode":0,"name":"Shaded","section":"Shading Mode"},"sceneLighting":false,"audioPlay":false,"sceneViewState":{"showFog":true,"showMaterialUpdate":false,"showSkybox":false,"showFlares":true,"showImageEffects":true,"showParticleSystems":true},"in2DMode":false,"pivot":{"x":9.699999809265137,"y":3.7200000286102297,"z":-8.369363784790039},"rotation":{"x":-0.18391811847686768,"y":-0.15061739087104798,"z":0.028531208634376527,"w":-0.9709142446517944},"size":10.0,"orthographic":false}